{
    "J1740+1311": {
        "duration": 40,
        "system_data": {
            "status": "Not Started",
            "Transit Time": "26_09_2025 17:38:25",
            "Count Down": 3937.983491366069
        }
    },
    "J1921+2153": {
        "duration": 40,
        "system_data": {
            "status": "Not Started",
            "Transit Time": "26_09_2025 19:20:04",
            "Count Down": 10811.069239777873
        }
    },
    "J0534+2200": {
        "duration": 40,
        "system_data": {
            "status": "Not Started",
            "Transit Time": "27_09_2025 05:32:50",
            "Count Down": 46800.84911773814
        }
    },
    "J0837+0610": {
        "duration": 40,
        "system_data": {
            "status": "Not Started",
            "Transit Time": "27_09_2025 08:35:23",
            "Count Down": 57752.42670259664
        }
    }
}