{
    "J1740+1311": {
        "duration": 40,
        "system_data": {
            "status": "Not Started",
            "Transit Time": "09-22 17:54:07",
            "Count Down": 4897.6582588092415
        }
    },
    "J1921+2153": {
        "duration": 40,
        "system_data": {
            "status": "Not Started",
            "Transit Time": "09-22 19:35:45",
            "Count Down": 10994.292069414694
        }
    },
    "J0534+2200": {
        "duration": 40,
        "system_data": {
            "status": "Not Started",
            "Transit Time": "09-23 05:48:32",
            "Count Down": 47760.56611750594
        }
    },
    "J0837+0610": {
        "duration": 40,
        "system_data": {
            "status": "Not Started",
            "Transit Time": "09-23 08:51:05",
            "Count Down": 58713.15900559381
        }
    }
}