{
    "J1740+1311": {
        "duration": 40,
        "system_data": {
            "status": "Not Started",
            "Transit Time": "09-13 18:49:23",
            "Count Down": 73573.25007843766
        }
    },
    "J0534+2200": {
        "duration": 40,
        "system_data": {
            "status": "Not Started",
            "Transit Time": "09-14 06:43:47",
            "Count Down": 30036.128044498626
        }
    },
    "J0837+0610": {
        "duration": 40,
        "system_data": {
            "status": "Not Started",
            "Transit Time": "09-14 09:46:21",
            "Count Down": 40988.09724964737
        }
    },
    "J0953+0755": {
        "duration": 40,
        "system_data": {
            "status": "Not Started",
            "Transit Time": "09-14 11:02:24",
            "Count Down": 45550.047471177124
        }
    },
    "J1921+2153": {
        "duration": 40,
        "system_data": {
            "status": "Not Started",
            "Transit Time": "09-13 20:30:57",
            "Count Down": 3398.7788102600207
        }
    }
}