{
    "J1740+1311": {
        "duration": 40,
        "system_data": {
            "status": " notStarted",
            "Transit Time": "09-13 18:50:10"
        }
    },
    "J0534+2200": {
        "duration": 40,
        "system_data": {
            "status": "Not Started",
            "Transit Time": "09-14 06:44:34"
        }
    },
    "J0837+0610": {
        "duration": 40,
        "system_data": {
            "status": "Not Started",
            "Transit Time": "09-14 09:47:08"
        }
    },
    "J0953+0755": {
        "duration": 40,
        "system_data": {
            "status": "Not Started",
            "Transit Time": "09-14 11:03:12"
        }
    },
    "J1921+2153": {
        "duration": 40,
        "system_data": {
            "status": "Not Started",
            "Transit Time": "09-13 20:31:41"
        }
    }
}