{
    "J1921+2153": {
        "duration": 40,
        "system_data": {
            "status": "Not Started",
            "Transit Time": "27_10_2025 17:17:59",
            "Count Down": 6563.238192191125
        }
    },
    "J0534+2200": {
        "duration": 40,
        "system_data": {
            "status": "Not Started",
            "Transit Time": "28_10_2025 03:30:46",
            "Count Down": 43328.98647570957
        }
    },
    "J0837+0610": {
        "duration": 40,
        "system_data": {
            "status": "Not Started",
            "Transit Time": "28_10_2025 06:33:19",
            "Count Down": 54282.14303987195
        }
    },
    "J0953+0755": {
        "duration": 40,
        "system_data": {
            "status": "Not Started",
            "Transit Time": "28_10_2025 07:49:23",
            "Count Down": 58845.25488113648
        }
    },
    "J1136+1551": {
        "duration": 40,
        "system_data": {
            "status": "Not Started",
            "Transit Time": "28_10_2025 09:32:17",
            "Count Down": 65018.52033902504
        }
    }
}