{
    "J1740+1311": {
        "duration": 20,
        "system_data": {
            "status": "Not Started",
            "Transit Time": "09-21 18:08:04",
            "Count Down": 5132.3894843539365
        }
    },
    "J1921+2153": {
        "duration": 40,
        "system_data": {
            "status": "Not Started",
            "Transit Time": "09-21 19:59:42",
            "Count Down": 11231.934234078566
        }
    },
    "J0837+0610": {
        "duration": 40,
        "system_data": {
            "status": "Not Started",
            "Transit Time": "09-22 09:15:03",
            "Count Down": 58956.87291373415
        }
    },
    "J0953+0755": {
        "duration": 40,
        "system_data": {
            "status": "Not Started",
            "Transit Time": "09-22 10:31:06",
            "Count Down": 63518.181791133866
        }
    },
    "J1136+1551": {
        "duration": 40,
        "system_data": {
            "status": "Not Started",
            "Transit Time": "09-22 12:14:02",
            "Count Down": 69647.1895494285
        }
    }
}